window_index,mse
286,0.223958
303,0.225007
304,0.225358
305,0.222673
306,0.226544
307,0.228530
308,0.232821
309,0.224667
310,0.222189
311,0.223940
312,0.231626
313,0.229714
314,0.230053
315,0.228838
316,0.231517
317,0.232592
318,0.230459
319,0.236075
320,0.234236
321,0.231857
322,0.223709
323,0.225658
324,0.222911
327,0.222171
