window_index,mse
49,0.207815
50,0.202231
68,0.201425
69,0.204404
78,0.201316
80,0.212405
81,0.218690
82,0.218194
83,0.216668
84,0.215846
85,0.214812
86,0.213188
87,0.211602
88,0.212850
