window_index,mse
0,0.031214
1,0.030080
2,0.030197
3,0.034041
4,0.031732
5,0.031877
6,0.033239
7,0.032831
8,0.031006
9,0.028138
17,0.031342
18,0.030819
19,0.030417
20,0.030300
21,0.029881
22,0.028966
23,0.028435
24,0.026856
25,0.026425
26,0.026527
35,0.026413
39,0.026876
40,0.028037
294,0.026817
